{
  "build_type": "release",
  "env_name": "aquariumfancontroller",
  "libsource_dirs": [
    "/var/home/mawoka/projects/aquarium-lid/esphome/.esphome/build/aquariumfancontroller/lib",
    "/var/home/mawoka/projects/aquarium-lid/esphome/.esphome/build/aquariumfancontroller/.piolibdeps/aquariumfancontroller",
    "/home/mawoka/.platformio/lib",
    "/home/mawoka/.platformio/packages/framework-arduinoespressif32@3.20005.220925/libraries"
  ],
  "defines": [
    "PLATFORMIO=60118",
    "ARDUINO_ESP32C3_DEV",
    "ARDUINO_USB_CDC_ON_BOOT=1",
    "ARDUINO_USB_MODE=1",
    "ESPHOME_LOG_LEVEL=ESPHOME_LOG_LEVEL_DEBUG",
    "USE_ARDUINO",
    "USE_ESP32",
    "USE_ESP32_FRAMEWORK_ARDUINO",
    "USE_ESP32_VARIANT_ESP32C3",
    "HAVE_CONFIG_H",
    "MBEDTLS_CONFIG_FILE=\"mbedtls/esp_config.h\"",
    "UNITY_INCLUDE_CONFIG_H",
    "WITH_POSIX",
    "_GNU_SOURCE",
    "IDF_VER=\"v4.4.2\"",
    "ESP_PLATFORM",
    "_POSIX_READER_WRITER_LOCKS",
    "ARDUINO_ARCH_ESP32",
    "ESP32",
    "F_CPU=160000000L",
    "ARDUINO=10812",
    "ARDUINO_VARIANT=\"esp32c3\"",
    "ARDUINO_BOARD=\"Espressif ESP32-C3-DevKitM-1\"",
    "ARDUINO_PARTITION_partitions"
  ],
  "includes": {
    "build": [
      "/var/home/mawoka/projects/aquarium-lid/esphome/.esphome/build/aquariumfancontroller/src",
      "/var/home/mawoka/projects/aquarium-lid/esphome/.esphome/build/aquariumfancontroller/.piolibdeps/aquariumfancontroller/Improv/src",
      "/var/home/mawoka/projects/aquarium-lid/esphome/.esphome/build/aquariumfancontroller/.piolibdeps/aquariumfancontroller/ArduinoJson/src",
      "/home/mawoka/.platformio/packages/framework-arduinoespressif32@3.20005.220925/libraries/ESPmDNS/src",
      "/home/mawoka/.platformio/packages/framework-arduinoespressif32@3.20005.220925/libraries/DNSServer/src",
      "/var/home/mawoka/projects/aquarium-lid/esphome/.esphome/build/aquariumfancontroller/.piolibdeps/aquariumfancontroller/ESPAsyncWebServer-esphome/src",
      "/home/mawoka/.platformio/packages/framework-arduinoespressif32@3.20005.220925/libraries/Update/src",
      "/home/mawoka/.platformio/packages/framework-arduinoespressif32@3.20005.220925/libraries/FS/src",
      "/home/mawoka/.platformio/packages/framework-arduinoespressif32@3.20005.220925/libraries/WiFi/src",
      "/var/home/mawoka/projects/aquarium-lid/esphome/.esphome/build/aquariumfancontroller/.piolibdeps/aquariumfancontroller/AsyncTCP-esphome/src",
      "/home/mawoka/.platformio/packages/framework-arduinoespressif32@3.20005.220925/tools/sdk/esp32c3/include/newlib/platform_include",
      "/home/mawoka/.platformio/packages/framework-arduinoespressif32@3.20005.220925/tools/sdk/esp32c3/include/freertos/include",
      "/home/mawoka/.platformio/packages/framework-arduinoespressif32@3.20005.220925/tools/sdk/esp32c3/include/freertos/include/esp_additions/freertos",
      "/home/mawoka/.platformio/packages/framework-arduinoespressif32@3.20005.220925/tools/sdk/esp32c3/include/freertos/port/riscv/include",
      "/home/mawoka/.platformio/packages/framework-arduinoespressif32@3.20005.220925/tools/sdk/esp32c3/include/freertos/include/esp_additions",
      "/home/mawoka/.platformio/packages/framework-arduinoespressif32@3.20005.220925/tools/sdk/esp32c3/include/esp_hw_support/include",
      "/home/mawoka/.platformio/packages/framework-arduinoespressif32@3.20005.220925/tools/sdk/esp32c3/include/esp_hw_support/include/soc",
      "/home/mawoka/.platformio/packages/framework-arduinoespressif32@3.20005.220925/tools/sdk/esp32c3/include/esp_hw_support/include/soc/esp32c3",
      "/home/mawoka/.platformio/packages/framework-arduinoespressif32@3.20005.220925/tools/sdk/esp32c3/include/esp_hw_support/port/esp32c3",
      "/home/mawoka/.platformio/packages/framework-arduinoespressif32@3.20005.220925/tools/sdk/esp32c3/include/esp_hw_support/port/esp32c3/private_include",
      "/home/mawoka/.platformio/packages/framework-arduinoespressif32@3.20005.220925/tools/sdk/esp32c3/include/heap/include",
      "/home/mawoka/.platformio/packages/framework-arduinoespressif32@3.20005.220925/tools/sdk/esp32c3/include/log/include",
      "/home/mawoka/.platformio/packages/framework-arduinoespressif32@3.20005.220925/tools/sdk/esp32c3/include/lwip/include/apps",
      "/home/mawoka/.platformio/packages/framework-arduinoespressif32@3.20005.220925/tools/sdk/esp32c3/include/lwip/include/apps/sntp",
      "/home/mawoka/.platformio/packages/framework-arduinoespressif32@3.20005.220925/tools/sdk/esp32c3/include/lwip/lwip/src/include",
      "/home/mawoka/.platformio/packages/framework-arduinoespressif32@3.20005.220925/tools/sdk/esp32c3/include/lwip/port/esp32/include",
      "/home/mawoka/.platformio/packages/framework-arduinoespressif32@3.20005.220925/tools/sdk/esp32c3/include/lwip/port/esp32/include/arch",
      "/home/mawoka/.platformio/packages/framework-arduinoespressif32@3.20005.220925/tools/sdk/esp32c3/include/soc/include",
      "/home/mawoka/.platformio/packages/framework-arduinoespressif32@3.20005.220925/tools/sdk/esp32c3/include/soc/esp32c3",
      "/home/mawoka/.platformio/packages/framework-arduinoespressif32@3.20005.220925/tools/sdk/esp32c3/include/soc/esp32c3/include",
      "/home/mawoka/.platformio/packages/framework-arduinoespressif32@3.20005.220925/tools/sdk/esp32c3/include/hal/esp32c3/include",
      "/home/mawoka/.platformio/packages/framework-arduinoespressif32@3.20005.220925/tools/sdk/esp32c3/include/hal/include",
      "/home/mawoka/.platformio/packages/framework-arduinoespressif32@3.20005.220925/tools/sdk/esp32c3/include/hal/platform_port/include",
      "/home/mawoka/.platformio/packages/framework-arduinoespressif32@3.20005.220925/tools/sdk/esp32c3/include/esp_rom/include",
      "/home/mawoka/.platformio/packages/framework-arduinoespressif32@3.20005.220925/tools/sdk/esp32c3/include/esp_rom/include/esp32c3",
      "/home/mawoka/.platformio/packages/framework-arduinoespressif32@3.20005.220925/tools/sdk/esp32c3/include/esp_rom/esp32c3",
      "/home/mawoka/.platformio/packages/framework-arduinoespressif32@3.20005.220925/tools/sdk/esp32c3/include/esp_common/include",
      "/home/mawoka/.platformio/packages/framework-arduinoespressif32@3.20005.220925/tools/sdk/esp32c3/include/esp_system/include",
      "/home/mawoka/.platformio/packages/framework-arduinoespressif32@3.20005.220925/tools/sdk/esp32c3/include/esp_system/port/soc",
      "/home/mawoka/.platformio/packages/framework-arduinoespressif32@3.20005.220925/tools/sdk/esp32c3/include/esp_system/port/include/riscv",
      "/home/mawoka/.platformio/packages/framework-arduinoespressif32@3.20005.220925/tools/sdk/esp32c3/include/esp_system/port/public_compat",
      "/home/mawoka/.platformio/packages/framework-arduinoespressif32@3.20005.220925/tools/sdk/esp32c3/include/riscv/include",
      "/home/mawoka/.platformio/packages/framework-arduinoespressif32@3.20005.220925/tools/sdk/esp32c3/include/driver/include",
      "/home/mawoka/.platformio/packages/framework-arduinoespressif32@3.20005.220925/tools/sdk/esp32c3/include/driver/esp32c3/include",
      "/home/mawoka/.platformio/packages/framework-arduinoespressif32@3.20005.220925/tools/sdk/esp32c3/include/esp_pm/include",
      "/home/mawoka/.platformio/packages/framework-arduinoespressif32@3.20005.220925/tools/sdk/esp32c3/include/esp_ringbuf/include",
      "/home/mawoka/.platformio/packages/framework-arduinoespressif32@3.20005.220925/tools/sdk/esp32c3/include/efuse/include",
      "/home/mawoka/.platformio/packages/framework-arduinoespressif32@3.20005.220925/tools/sdk/esp32c3/include/efuse/esp32c3/include",
      "/home/mawoka/.platformio/packages/framework-arduinoespressif32@3.20005.220925/tools/sdk/esp32c3/include/vfs/include",
      "/home/mawoka/.platformio/packages/framework-arduinoespressif32@3.20005.220925/tools/sdk/esp32c3/include/esp_wifi/include",
      "/home/mawoka/.platformio/packages/framework-arduinoespressif32@3.20005.220925/tools/sdk/esp32c3/include/esp_event/include",
      "/home/mawoka/.platformio/packages/framework-arduinoespressif32@3.20005.220925/tools/sdk/esp32c3/include/esp_netif/include",
      "/home/mawoka/.platformio/packages/framework-arduinoespressif32@3.20005.220925/tools/sdk/esp32c3/include/esp_eth/include",
      "/home/mawoka/.platformio/packages/framework-arduinoespressif32@3.20005.220925/tools/sdk/esp32c3/include/tcpip_adapter/include",
      "/home/mawoka/.platformio/packages/framework-arduinoespressif32@3.20005.220925/tools/sdk/esp32c3/include/esp_phy/include",
      "/home/mawoka/.platformio/packages/framework-arduinoespressif32@3.20005.220925/tools/sdk/esp32c3/include/esp_phy/esp32c3/include",
      "/home/mawoka/.platformio/packages/framework-arduinoespressif32@3.20005.220925/tools/sdk/esp32c3/include/esp_ipc/include",
      "/home/mawoka/.platformio/packages/framework-arduinoespressif32@3.20005.220925/tools/sdk/esp32c3/include/app_trace/include",
      "/home/mawoka/.platformio/packages/framework-arduinoespressif32@3.20005.220925/tools/sdk/esp32c3/include/esp_timer/include",
      "/home/mawoka/.platformio/packages/framework-arduinoespressif32@3.20005.220925/tools/sdk/esp32c3/include/mbedtls/port/include",
      "/home/mawoka/.platformio/packages/framework-arduinoespressif32@3.20005.220925/tools/sdk/esp32c3/include/mbedtls/mbedtls/include",
      "/home/mawoka/.platformio/packages/framework-arduinoespressif32@3.20005.220925/tools/sdk/esp32c3/include/mbedtls/esp_crt_bundle/include",
      "/home/mawoka/.platformio/packages/framework-arduinoespressif32@3.20005.220925/tools/sdk/esp32c3/include/app_update/include",
      "/home/mawoka/.platformio/packages/framework-arduinoespressif32@3.20005.220925/tools/sdk/esp32c3/include/spi_flash/include",
      "/home/mawoka/.platformio/packages/framework-arduinoespressif32@3.20005.220925/tools/sdk/esp32c3/include/bootloader_support/include",
      "/home/mawoka/.platformio/packages/framework-arduinoespressif32@3.20005.220925/tools/sdk/esp32c3/include/nvs_flash/include",
      "/home/mawoka/.platformio/packages/framework-arduinoespressif32@3.20005.220925/tools/sdk/esp32c3/include/pthread/include",
      "/home/mawoka/.platformio/packages/framework-arduinoespressif32@3.20005.220925/tools/sdk/esp32c3/include/esp_gdbstub/include",
      "/home/mawoka/.platformio/packages/framework-arduinoespressif32@3.20005.220925/tools/sdk/esp32c3/include/esp_gdbstub/riscv",
      "/home/mawoka/.platformio/packages/framework-arduinoespressif32@3.20005.220925/tools/sdk/esp32c3/include/esp_gdbstub/esp32c3",
      "/home/mawoka/.platformio/packages/framework-arduinoespressif32@3.20005.220925/tools/sdk/esp32c3/include/espcoredump/include",
      "/home/mawoka/.platformio/packages/framework-arduinoespressif32@3.20005.220925/tools/sdk/esp32c3/include/espcoredump/include/port/riscv",
      "/home/mawoka/.platformio/packages/framework-arduinoespressif32@3.20005.220925/tools/sdk/esp32c3/include/wpa_supplicant/include",
      "/home/mawoka/.platformio/packages/framework-arduinoespressif32@3.20005.220925/tools/sdk/esp32c3/include/wpa_supplicant/port/include",
      "/home/mawoka/.platformio/packages/framework-arduinoespressif32@3.20005.220925/tools/sdk/esp32c3/include/wpa_supplicant/esp_supplicant/include",
      "/home/mawoka/.platformio/packages/framework-arduinoespressif32@3.20005.220925/tools/sdk/esp32c3/include/ieee802154/include",
      "/home/mawoka/.platformio/packages/framework-arduinoespressif32@3.20005.220925/tools/sdk/esp32c3/include/console",
      "/home/mawoka/.platformio/packages/framework-arduinoespressif32@3.20005.220925/tools/sdk/esp32c3/include/asio/asio/asio/include",
      "/home/mawoka/.platformio/packages/framework-arduinoespressif32@3.20005.220925/tools/sdk/esp32c3/include/asio/port/include",
      "/home/mawoka/.platformio/packages/framework-arduinoespressif32@3.20005.220925/tools/sdk/esp32c3/include/bt/common/osi/include",
      "/home/mawoka/.platformio/packages/framework-arduinoespressif32@3.20005.220925/tools/sdk/esp32c3/include/bt/include/esp32c3/include",
      "/home/mawoka/.platformio/packages/framework-arduinoespressif32@3.20005.220925/tools/sdk/esp32c3/include/bt/common/api/include/api",
      "/home/mawoka/.platformio/packages/framework-arduinoespressif32@3.20005.220925/tools/sdk/esp32c3/include/bt/common/btc/profile/esp/blufi/include",
      "/home/mawoka/.platformio/packages/framework-arduinoespressif32@3.20005.220925/tools/sdk/esp32c3/include/bt/common/btc/profile/esp/include",
      "/home/mawoka/.platformio/packages/framework-arduinoespressif32@3.20005.220925/tools/sdk/esp32c3/include/bt/host/bluedroid/api/include/api",
      "/home/mawoka/.platformio/packages/framework-arduinoespressif32@3.20005.220925/tools/sdk/esp32c3/include/bt/esp_ble_mesh/mesh_common/include",
      "/home/mawoka/.platformio/packages/framework-arduinoespressif32@3.20005.220925/tools/sdk/esp32c3/include/bt/esp_ble_mesh/mesh_common/tinycrypt/include",
      "/home/mawoka/.platformio/packages/framework-arduinoespressif32@3.20005.220925/tools/sdk/esp32c3/include/bt/esp_ble_mesh/mesh_core",
      "/home/mawoka/.platformio/packages/framework-arduinoespressif32@3.20005.220925/tools/sdk/esp32c3/include/bt/esp_ble_mesh/mesh_core/include",
      "/home/mawoka/.platformio/packages/framework-arduinoespressif32@3.20005.220925/tools/sdk/esp32c3/include/bt/esp_ble_mesh/mesh_core/storage",
      "/home/mawoka/.platformio/packages/framework-arduinoespressif32@3.20005.220925/tools/sdk/esp32c3/include/bt/esp_ble_mesh/btc/include",
      "/home/mawoka/.platformio/packages/framework-arduinoespressif32@3.20005.220925/tools/sdk/esp32c3/include/bt/esp_ble_mesh/mesh_models/common/include",
      "/home/mawoka/.platformio/packages/framework-arduinoespressif32@3.20005.220925/tools/sdk/esp32c3/include/bt/esp_ble_mesh/mesh_models/client/include",
      "/home/mawoka/.platformio/packages/framework-arduinoespressif32@3.20005.220925/tools/sdk/esp32c3/include/bt/esp_ble_mesh/mesh_models/server/include",
      "/home/mawoka/.platformio/packages/framework-arduinoespressif32@3.20005.220925/tools/sdk/esp32c3/include/bt/esp_ble_mesh/api/core/include",
      "/home/mawoka/.platformio/packages/framework-arduinoespressif32@3.20005.220925/tools/sdk/esp32c3/include/bt/esp_ble_mesh/api/models/include",
      "/home/mawoka/.platformio/packages/framework-arduinoespressif32@3.20005.220925/tools/sdk/esp32c3/include/bt/esp_ble_mesh/api",
      "/home/mawoka/.platformio/packages/framework-arduinoespressif32@3.20005.220925/tools/sdk/esp32c3/include/cbor/port/include",
      "/home/mawoka/.platformio/packages/framework-arduinoespressif32@3.20005.220925/tools/sdk/esp32c3/include/unity/include",
      "/home/mawoka/.platformio/packages/framework-arduinoespressif32@3.20005.220925/tools/sdk/esp32c3/include/unity/unity/src",
      "/home/mawoka/.platformio/packages/framework-arduinoespressif32@3.20005.220925/tools/sdk/esp32c3/include/cmock/CMock/src",
      "/home/mawoka/.platformio/packages/framework-arduinoespressif32@3.20005.220925/tools/sdk/esp32c3/include/coap/port/include",
      "/home/mawoka/.platformio/packages/framework-arduinoespressif32@3.20005.220925/tools/sdk/esp32c3/include/coap/libcoap/include",
      "/home/mawoka/.platformio/packages/framework-arduinoespressif32@3.20005.220925/tools/sdk/esp32c3/include/nghttp/port/include",
      "/home/mawoka/.platformio/packages/framework-arduinoespressif32@3.20005.220925/tools/sdk/esp32c3/include/nghttp/nghttp2/lib/includes",
      "/home/mawoka/.platformio/packages/framework-arduinoespressif32@3.20005.220925/tools/sdk/esp32c3/include/esp-tls",
      "/home/mawoka/.platformio/packages/framework-arduinoespressif32@3.20005.220925/tools/sdk/esp32c3/include/esp-tls/esp-tls-crypto",
      "/home/mawoka/.platformio/packages/framework-arduinoespressif32@3.20005.220925/tools/sdk/esp32c3/include/esp_adc_cal/include",
      "/home/mawoka/.platformio/packages/framework-arduinoespressif32@3.20005.220925/tools/sdk/esp32c3/include/esp_hid/include",
      "/home/mawoka/.platformio/packages/framework-arduinoespressif32@3.20005.220925/tools/sdk/esp32c3/include/tcp_transport/include",
      "/home/mawoka/.platformio/packages/framework-arduinoespressif32@3.20005.220925/tools/sdk/esp32c3/include/esp_http_client/include",
      "/home/mawoka/.platformio/packages/framework-arduinoespressif32@3.20005.220925/tools/sdk/esp32c3/include/esp_http_server/include",
      "/home/mawoka/.platformio/packages/framework-arduinoespressif32@3.20005.220925/tools/sdk/esp32c3/include/esp_https_ota/include",
      "/home/mawoka/.platformio/packages/framework-arduinoespressif32@3.20005.220925/tools/sdk/esp32c3/include/esp_https_server/include",
      "/home/mawoka/.platformio/packages/framework-arduinoespressif32@3.20005.220925/tools/sdk/esp32c3/include/esp_lcd/include",
      "/home/mawoka/.platformio/packages/framework-arduinoespressif32@3.20005.220925/tools/sdk/esp32c3/include/esp_lcd/interface",
      "/home/mawoka/.platformio/packages/framework-arduinoespressif32@3.20005.220925/tools/sdk/esp32c3/include/protobuf-c/protobuf-c",
      "/home/mawoka/.platformio/packages/framework-arduinoespressif32@3.20005.220925/tools/sdk/esp32c3/include/protocomm/include/common",
      "/home/mawoka/.platformio/packages/framework-arduinoespressif32@3.20005.220925/tools/sdk/esp32c3/include/protocomm/include/security",
      "/home/mawoka/.platformio/packages/framework-arduinoespressif32@3.20005.220925/tools/sdk/esp32c3/include/protocomm/include/transports",
      "/home/mawoka/.platformio/packages/framework-arduinoespressif32@3.20005.220925/tools/sdk/esp32c3/include/mdns/include",
      "/home/mawoka/.platformio/packages/framework-arduinoespressif32@3.20005.220925/tools/sdk/esp32c3/include/esp_local_ctrl/include",
      "/home/mawoka/.platformio/packages/framework-arduinoespressif32@3.20005.220925/tools/sdk/esp32c3/include/sdmmc/include",
      "/home/mawoka/.platformio/packages/framework-arduinoespressif32@3.20005.220925/tools/sdk/esp32c3/include/esp_serial_slave_link/include",
      "/home/mawoka/.platformio/packages/framework-arduinoespressif32@3.20005.220925/tools/sdk/esp32c3/include/esp_websocket_client/include",
      "/home/mawoka/.platformio/packages/framework-arduinoespressif32@3.20005.220925/tools/sdk/esp32c3/include/expat/expat/expat/lib",
      "/home/mawoka/.platformio/packages/framework-arduinoespressif32@3.20005.220925/tools/sdk/esp32c3/include/expat/port/include",
      "/home/mawoka/.platformio/packages/framework-arduinoespressif32@3.20005.220925/tools/sdk/esp32c3/include/wear_levelling/include",
      "/home/mawoka/.platformio/packages/framework-arduinoespressif32@3.20005.220925/tools/sdk/esp32c3/include/fatfs/diskio",
      "/home/mawoka/.platformio/packages/framework-arduinoespressif32@3.20005.220925/tools/sdk/esp32c3/include/fatfs/vfs",
      "/home/mawoka/.platformio/packages/framework-arduinoespressif32@3.20005.220925/tools/sdk/esp32c3/include/fatfs/src",
      "/home/mawoka/.platformio/packages/framework-arduinoespressif32@3.20005.220925/tools/sdk/esp32c3/include/freemodbus/common/include",
      "/home/mawoka/.platformio/packages/framework-arduinoespressif32@3.20005.220925/tools/sdk/esp32c3/include/idf_test/include",
      "/home/mawoka/.platformio/packages/framework-arduinoespressif32@3.20005.220925/tools/sdk/esp32c3/include/idf_test/include/esp32c3",
      "/home/mawoka/.platformio/packages/framework-arduinoespressif32@3.20005.220925/tools/sdk/esp32c3/include/jsmn/include",
      "/home/mawoka/.platformio/packages/framework-arduinoespressif32@3.20005.220925/tools/sdk/esp32c3/include/json/cJSON",
      "/home/mawoka/.platformio/packages/framework-arduinoespressif32@3.20005.220925/tools/sdk/esp32c3/include/libsodium/libsodium/src/libsodium/include",
      "/home/mawoka/.platformio/packages/framework-arduinoespressif32@3.20005.220925/tools/sdk/esp32c3/include/libsodium/port_include",
      "/home/mawoka/.platformio/packages/framework-arduinoespressif32@3.20005.220925/tools/sdk/esp32c3/include/mqtt/esp-mqtt/include",
      "/home/mawoka/.platformio/packages/framework-arduinoespressif32@3.20005.220925/tools/sdk/esp32c3/include/openssl/include",
      "/home/mawoka/.platformio/packages/framework-arduinoespressif32@3.20005.220925/tools/sdk/esp32c3/include/spiffs/include",
      "/home/mawoka/.platformio/packages/framework-arduinoespressif32@3.20005.220925/tools/sdk/esp32c3/include/wifi_provisioning/include",
      "/home/mawoka/.platformio/packages/framework-arduinoespressif32@3.20005.220925/tools/sdk/esp32c3/include/rmaker_common/include",
      "/home/mawoka/.platformio/packages/framework-arduinoespressif32@3.20005.220925/tools/sdk/esp32c3/include/json_parser/upstream/include",
      "/home/mawoka/.platformio/packages/framework-arduinoespressif32@3.20005.220925/tools/sdk/esp32c3/include/json_parser/upstream",
      "/home/mawoka/.platformio/packages/framework-arduinoespressif32@3.20005.220925/tools/sdk/esp32c3/include/json_generator/upstream",
      "/home/mawoka/.platformio/packages/framework-arduinoespressif32@3.20005.220925/tools/sdk/esp32c3/include/esp_schedule/include",
      "/home/mawoka/.platformio/packages/framework-arduinoespressif32@3.20005.220925/tools/sdk/esp32c3/include/esp_rainmaker/include",
      "/home/mawoka/.platformio/packages/framework-arduinoespressif32@3.20005.220925/tools/sdk/esp32c3/include/gpio_button/button/include",
      "/home/mawoka/.platformio/packages/framework-arduinoespressif32@3.20005.220925/tools/sdk/esp32c3/include/qrcode/include",
      "/home/mawoka/.platformio/packages/framework-arduinoespressif32@3.20005.220925/tools/sdk/esp32c3/include/ws2812_led",
      "/home/mawoka/.platformio/packages/framework-arduinoespressif32@3.20005.220925/tools/sdk/esp32c3/include/esp-dsp/modules/dotprod/include",
      "/home/mawoka/.platformio/packages/framework-arduinoespressif32@3.20005.220925/tools/sdk/esp32c3/include/esp-dsp/modules/support/include",
      "/home/mawoka/.platformio/packages/framework-arduinoespressif32@3.20005.220925/tools/sdk/esp32c3/include/esp-dsp/modules/windows/include",
      "/home/mawoka/.platformio/packages/framework-arduinoespressif32@3.20005.220925/tools/sdk/esp32c3/include/esp-dsp/modules/windows/hann/include",
      "/home/mawoka/.platformio/packages/framework-arduinoespressif32@3.20005.220925/tools/sdk/esp32c3/include/esp-dsp/modules/windows/blackman/include",
      "/home/mawoka/.platformio/packages/framework-arduinoespressif32@3.20005.220925/tools/sdk/esp32c3/include/esp-dsp/modules/windows/blackman_harris/include",
      "/home/mawoka/.platformio/packages/framework-arduinoespressif32@3.20005.220925/tools/sdk/esp32c3/include/esp-dsp/modules/windows/blackman_nuttall/include",
      "/home/mawoka/.platformio/packages/framework-arduinoespressif32@3.20005.220925/tools/sdk/esp32c3/include/esp-dsp/modules/windows/nuttall/include",
      "/home/mawoka/.platformio/packages/framework-arduinoespressif32@3.20005.220925/tools/sdk/esp32c3/include/esp-dsp/modules/windows/flat_top/include",
      "/home/mawoka/.platformio/packages/framework-arduinoespressif32@3.20005.220925/tools/sdk/esp32c3/include/esp-dsp/modules/iir/include",
      "/home/mawoka/.platformio/packages/framework-arduinoespressif32@3.20005.220925/tools/sdk/esp32c3/include/esp-dsp/modules/fir/include",
      "/home/mawoka/.platformio/packages/framework-arduinoespressif32@3.20005.220925/tools/sdk/esp32c3/include/esp-dsp/modules/math/include",
      "/home/mawoka/.platformio/packages/framework-arduinoespressif32@3.20005.220925/tools/sdk/esp32c3/include/esp-dsp/modules/math/add/include",
      "/home/mawoka/.platformio/packages/framework-arduinoespressif32@3.20005.220925/tools/sdk/esp32c3/include/esp-dsp/modules/math/sub/include",
      "/home/mawoka/.platformio/packages/framework-arduinoespressif32@3.20005.220925/tools/sdk/esp32c3/include/esp-dsp/modules/math/mul/include",
      "/home/mawoka/.platformio/packages/framework-arduinoespressif32@3.20005.220925/tools/sdk/esp32c3/include/esp-dsp/modules/math/addc/include",
      "/home/mawoka/.platformio/packages/framework-arduinoespressif32@3.20005.220925/tools/sdk/esp32c3/include/esp-dsp/modules/math/mulc/include",
      "/home/mawoka/.platformio/packages/framework-arduinoespressif32@3.20005.220925/tools/sdk/esp32c3/include/esp-dsp/modules/math/sqrt/include",
      "/home/mawoka/.platformio/packages/framework-arduinoespressif32@3.20005.220925/tools/sdk/esp32c3/include/esp-dsp/modules/matrix/include",
      "/home/mawoka/.platformio/packages/framework-arduinoespressif32@3.20005.220925/tools/sdk/esp32c3/include/esp-dsp/modules/fft/include",
      "/home/mawoka/.platformio/packages/framework-arduinoespressif32@3.20005.220925/tools/sdk/esp32c3/include/esp-dsp/modules/dct/include",
      "/home/mawoka/.platformio/packages/framework-arduinoespressif32@3.20005.220925/tools/sdk/esp32c3/include/esp-dsp/modules/conv/include",
      "/home/mawoka/.platformio/packages/framework-arduinoespressif32@3.20005.220925/tools/sdk/esp32c3/include/esp-dsp/modules/common/include",
      "/home/mawoka/.platformio/packages/framework-arduinoespressif32@3.20005.220925/tools/sdk/esp32c3/include/esp-dsp/modules/kalman/ekf/include",
      "/home/mawoka/.platformio/packages/framework-arduinoespressif32@3.20005.220925/tools/sdk/esp32c3/include/esp-dsp/modules/kalman/ekf_imu13states/include",
      "/home/mawoka/.platformio/packages/framework-arduinoespressif32@3.20005.220925/tools/sdk/esp32c3/include/esp_littlefs/include",
      "/home/mawoka/.platformio/packages/framework-arduinoespressif32@3.20005.220925/tools/sdk/esp32c3/include/esp-dl/include",
      "/home/mawoka/.platformio/packages/framework-arduinoespressif32@3.20005.220925/tools/sdk/esp32c3/include/esp-dl/include/tool",
      "/home/mawoka/.platformio/packages/framework-arduinoespressif32@3.20005.220925/tools/sdk/esp32c3/include/esp-dl/include/typedef",
      "/home/mawoka/.platformio/packages/framework-arduinoespressif32@3.20005.220925/tools/sdk/esp32c3/include/esp-dl/include/image",
      "/home/mawoka/.platformio/packages/framework-arduinoespressif32@3.20005.220925/tools/sdk/esp32c3/include/esp-dl/include/math",
      "/home/mawoka/.platformio/packages/framework-arduinoespressif32@3.20005.220925/tools/sdk/esp32c3/include/esp-dl/include/nn",
      "/home/mawoka/.platformio/packages/framework-arduinoespressif32@3.20005.220925/tools/sdk/esp32c3/include/esp-dl/include/layer",
      "/home/mawoka/.platformio/packages/framework-arduinoespressif32@3.20005.220925/tools/sdk/esp32c3/include/esp-dl/include/detect",
      "/home/mawoka/.platformio/packages/framework-arduinoespressif32@3.20005.220925/tools/sdk/esp32c3/include/esp-dl/include/model_zoo",
      "/home/mawoka/.platformio/packages/framework-arduinoespressif32@3.20005.220925/tools/sdk/esp32c3/include/esp32-camera/driver/include",
      "/home/mawoka/.platformio/packages/framework-arduinoespressif32@3.20005.220925/tools/sdk/esp32c3/include/esp32-camera/conversions/include",
      "/home/mawoka/.platformio/packages/framework-arduinoespressif32@3.20005.220925/tools/sdk/esp32c3/include/fb_gfx/include",
      "/home/mawoka/.platformio/packages/framework-arduinoespressif32@3.20005.220925/tools/sdk/esp32c3/qio_qspi/include",
      "/home/mawoka/.platformio/packages/framework-arduinoespressif32@3.20005.220925/cores/esp32",
      "/home/mawoka/.platformio/packages/framework-arduinoespressif32@3.20005.220925/variants/esp32c3"
    ],
    "compatlib": [
      "/var/home/mawoka/projects/aquarium-lid/esphome/.esphome/build/aquariumfancontroller/.piolibdeps/aquariumfancontroller/ArduinoJson/src",
      "/home/mawoka/.platformio/packages/framework-arduinoespressif32@3.20005.220925/libraries/ESPmDNS/src",
      "/home/mawoka/.platformio/packages/framework-arduinoespressif32@3.20005.220925/libraries/DNSServer/src",
      "/home/mawoka/.platformio/packages/framework-arduinoespressif32@3.20005.220925/libraries/Update/src",
      "/home/mawoka/.platformio/packages/framework-arduinoespressif32@3.20005.220925/libraries/WiFi/src",
      "/home/mawoka/.platformio/packages/framework-arduinoespressif32@3.20005.220925/libraries/FS/src",
      "/var/home/mawoka/projects/aquarium-lid/esphome/.esphome/build/aquariumfancontroller/.piolibdeps/aquariumfancontroller/ESPAsyncWebServer-esphome/src",
      "/var/home/mawoka/projects/aquarium-lid/esphome/.esphome/build/aquariumfancontroller/.piolibdeps/aquariumfancontroller/AsyncTCP-esphome/src",
      "/var/home/mawoka/projects/aquarium-lid/esphome/.esphome/build/aquariumfancontroller/.piolibdeps/aquariumfancontroller/AsyncTCP-esphome/src",
      "/var/home/mawoka/projects/aquarium-lid/esphome/.esphome/build/aquariumfancontroller/.piolibdeps/aquariumfancontroller/ESPAsyncWebServer-esphome/src",
      "/home/mawoka/.platformio/packages/framework-arduinoespressif32@3.20005.220925/libraries/Update/src",
      "/home/mawoka/.platformio/packages/framework-arduinoespressif32@3.20005.220925/libraries/WiFi/src",
      "/home/mawoka/.platformio/packages/framework-arduinoespressif32@3.20005.220925/libraries/FS/src",
      "/var/home/mawoka/projects/aquarium-lid/esphome/.esphome/build/aquariumfancontroller/.piolibdeps/aquariumfancontroller/AsyncTCP-esphome/src",
      "/var/home/mawoka/projects/aquarium-lid/esphome/.esphome/build/aquariumfancontroller/.piolibdeps/aquariumfancontroller/Improv/src",
      "/home/mawoka/.platformio/packages/framework-arduinoespressif32@3.20005.220925/libraries/ESPmDNS/src",
      "/home/mawoka/.platformio/packages/framework-arduinoespressif32@3.20005.220925/libraries/DNSServer/src",
      "/home/mawoka/.platformio/packages/framework-arduinoespressif32@3.20005.220925/libraries/Update/src",
      "/home/mawoka/.platformio/packages/framework-arduinoespressif32@3.20005.220925/libraries/WiFi/src",
      "/home/mawoka/.platformio/packages/framework-arduinoespressif32@3.20005.220925/libraries/FS/src",
      "/var/home/mawoka/projects/aquarium-lid/esphome/.esphome/build/aquariumfancontroller/.piolibdeps/aquariumfancontroller/ESPAsyncWebServer-esphome/src",
      "/var/home/mawoka/projects/aquarium-lid/esphome/.esphome/build/aquariumfancontroller/.piolibdeps/aquariumfancontroller/AsyncTCP-esphome/src",
      "/var/home/mawoka/projects/aquarium-lid/esphome/.esphome/build/aquariumfancontroller/.piolibdeps/aquariumfancontroller/ArduinoJson/src",
      "/home/mawoka/.platformio/packages/framework-arduinoespressif32@3.20005.220925/libraries/DNSServer/src",
      "/home/mawoka/.platformio/packages/framework-arduinoespressif32@3.20005.220925/libraries/ESPmDNS/src",
      "/home/mawoka/.platformio/packages/framework-arduinoespressif32@3.20005.220925/libraries/FS/src",
      "/home/mawoka/.platformio/packages/framework-arduinoespressif32@3.20005.220925/libraries/Update/src",
      "/home/mawoka/.platformio/packages/framework-arduinoespressif32@3.20005.220925/libraries/WiFi/src",
      "/home/mawoka/.platformio/packages/framework-arduinoespressif32@3.20005.220925/libraries/ArduinoOTA/src",
      "/home/mawoka/.platformio/packages/framework-arduinoespressif32@3.20005.220925/libraries/AsyncUDP/src",
      "/home/mawoka/.platformio/packages/framework-arduinoespressif32@3.20005.220925/libraries/BLE/src",
      "/home/mawoka/.platformio/packages/framework-arduinoespressif32@3.20005.220925/libraries/BluetoothSerial/src",
      "/home/mawoka/.platformio/packages/framework-arduinoespressif32@3.20005.220925/libraries/EEPROM/src",
      "/home/mawoka/.platformio/packages/framework-arduinoespressif32@3.20005.220925/libraries/ESP32/src",
      "/home/mawoka/.platformio/packages/framework-arduinoespressif32@3.20005.220925/libraries/Ethernet/src",
      "/home/mawoka/.platformio/packages/framework-arduinoespressif32@3.20005.220925/libraries/FFat/src",
      "/home/mawoka/.platformio/packages/framework-arduinoespressif32@3.20005.220925/libraries/HTTPClient/src",
      "/home/mawoka/.platformio/packages/framework-arduinoespressif32@3.20005.220925/libraries/HTTPUpdate/src",
      "/home/mawoka/.platformio/packages/framework-arduinoespressif32@3.20005.220925/libraries/HTTPUpdateServer/src",
      "/home/mawoka/.platformio/packages/framework-arduinoespressif32@3.20005.220925/libraries/I2S/src",
      "/home/mawoka/.platformio/packages/framework-arduinoespressif32@3.20005.220925/libraries/LittleFS/src",
      "/home/mawoka/.platformio/packages/framework-arduinoespressif32@3.20005.220925/libraries/NetBIOS/src",
      "/home/mawoka/.platformio/packages/framework-arduinoespressif32@3.20005.220925/libraries/Preferences/src",
      "/home/mawoka/.platformio/packages/framework-arduinoespressif32@3.20005.220925/libraries/RainMaker/src",
      "/home/mawoka/.platformio/packages/framework-arduinoespressif32@3.20005.220925/libraries/SD/src",
      "/home/mawoka/.platformio/packages/framework-arduinoespressif32@3.20005.220925/libraries/SD_MMC/src",
      "/home/mawoka/.platformio/packages/framework-arduinoespressif32@3.20005.220925/libraries/SPI/src",
      "/home/mawoka/.platformio/packages/framework-arduinoespressif32@3.20005.220925/libraries/SPIFFS/src",
      "/home/mawoka/.platformio/packages/framework-arduinoespressif32@3.20005.220925/libraries/SimpleBLE/src",
      "/home/mawoka/.platformio/packages/framework-arduinoespressif32@3.20005.220925/libraries/Ticker/src",
      "/home/mawoka/.platformio/packages/framework-arduinoespressif32@3.20005.220925/libraries/USB/src",
      "/home/mawoka/.platformio/packages/framework-arduinoespressif32@3.20005.220925/libraries/WebServer/src",
      "/home/mawoka/.platformio/packages/framework-arduinoespressif32@3.20005.220925/libraries/WiFiClientSecure/src",
      "/home/mawoka/.platformio/packages/framework-arduinoespressif32@3.20005.220925/libraries/WiFiProv/src",
      "/home/mawoka/.platformio/packages/framework-arduinoespressif32@3.20005.220925/libraries/Wire/src"
    ],
    "toolchain": [
      "/home/mawoka/.platformio/packages/toolchain-riscv32-esp@8.4.0+2021r2-patch5/riscv32-esp-elf/include/c++/8.4.0",
      "/home/mawoka/.platformio/packages/toolchain-riscv32-esp@8.4.0+2021r2-patch5/riscv32-esp-elf/include/c++/8.4.0/riscv32-esp-elf",
      "/home/mawoka/.platformio/packages/toolchain-riscv32-esp@8.4.0+2021r2-patch5/lib/gcc/riscv32-esp-elf/8.4.0/include-fixed",
      "/home/mawoka/.platformio/packages/toolchain-riscv32-esp@8.4.0+2021r2-patch5/lib/gcc/riscv32-esp-elf/8.4.0/include",
      "/home/mawoka/.platformio/packages/toolchain-riscv32-esp@8.4.0+2021r2-patch5/riscv32-esp-elf/include"
    ]
  },
  "cc_flags": [
    "-march=rv32imc",
    "-std=gnu99",
    "-Wno-old-style-declaration",
    "-Wno-sign-compare",
    "-Wno-unused-but-set-variable",
    "-Wno-unused-variable",
    "-fno-exceptions",
    "-ffunction-sections",
    "-fdata-sections",
    "-Wno-error=unused-function",
    "-Wno-error=unused-variable",
    "-Wno-error=deprecated-declarations",
    "-Wno-unused-parameter",
    "-Wno-sign-compare",
    "-ggdb",
    "-Wno-error=format=",
    "-nostartfiles",
    "-Wno-format",
    "-Os",
    "-freorder-blocks",
    "-Wwrite-strings",
    "-fstack-protector",
    "-fstrict-volatile-bitfields",
    "-Wno-error=unused-but-set-variable",
    "-fno-jump-tables",
    "-fno-tree-switch-conversion",
    "-MMD"
  ],
  "cxx_flags": [
    "-march=rv32imc",
    "-std=gnu++11",
    "-fexceptions",
    "-fno-rtti",
    "-Wno-sign-compare",
    "-Wno-unused-but-set-variable",
    "-Wno-unused-variable",
    "-fno-exceptions",
    "-ffunction-sections",
    "-fdata-sections",
    "-Wno-error=unused-function",
    "-Wno-error=unused-variable",
    "-Wno-error=deprecated-declarations",
    "-Wno-unused-parameter",
    "-Wno-sign-compare",
    "-ggdb",
    "-Wno-error=format=",
    "-nostartfiles",
    "-Wno-format",
    "-Os",
    "-freorder-blocks",
    "-Wwrite-strings",
    "-fstack-protector",
    "-fstrict-volatile-bitfields",
    "-Wno-error=unused-but-set-variable",
    "-fno-jump-tables",
    "-fno-tree-switch-conversion",
    "-MMD"
  ],
  "cc_path": "/home/mawoka/.platformio/packages/toolchain-riscv32-esp@8.4.0+2021r2-patch5/bin/riscv32-esp-elf-gcc",
  "cxx_path": "/home/mawoka/.platformio/packages/toolchain-riscv32-esp@8.4.0+2021r2-patch5/bin/riscv32-esp-elf-g++",
  "gdb_path": "/home/mawoka/.platformio/packages/toolchain-riscv32-esp@8.4.0+2021r2-patch5/bin/riscv32-esp-elf-gdb",
  "prog_path": "/var/home/mawoka/projects/aquarium-lid/esphome/.esphome/build/aquariumfancontroller/.pioenvs/aquariumfancontroller/firmware.elf",
  "svd_path": null,
  "compiler_type": "gcc",
  "targets": [
    {
      "name": "buildfs",
      "title": "Build Filesystem Image",
      "description": null,
      "group": "Platform"
    },
    {
      "name": "size",
      "title": "Program Size",
      "description": "Calculate program size",
      "group": "Platform"
    },
    {
      "name": "upload",
      "title": "Upload",
      "description": null,
      "group": "Platform"
    },
    {
      "name": "uploadfs",
      "title": "Upload Filesystem Image",
      "description": null,
      "group": "Platform"
    },
    {
      "name": "uploadfsota",
      "title": "Upload Filesystem Image OTA",
      "description": null,
      "group": "Platform"
    },
    {
      "name": "erase",
      "title": "Erase Flash",
      "description": null,
      "group": "Platform"
    }
  ],
  "extra": {
    "flash_images": [
      {
        "offset": "0x0000",
        "path": "/var/home/mawoka/projects/aquarium-lid/esphome/.esphome/build/aquariumfancontroller/.pioenvs/aquariumfancontroller/bootloader.bin"
      },
      {
        "offset": "0x8000",
        "path": "/var/home/mawoka/projects/aquarium-lid/esphome/.esphome/build/aquariumfancontroller/.pioenvs/aquariumfancontroller/partitions.bin"
      },
      {
        "offset": "0xe000",
        "path": "/home/mawoka/.platformio/packages/framework-arduinoespressif32@3.20005.220925/tools/partitions/boot_app0.bin"
      }
    ],
    "application_offset": "0x10000"
  }
}
