{
  "storage_version": 1,
  "name": "aquariumlid",
  "friendly_name": null,
  "comment": null,
  "esphome_version": "2025.5.1",
  "src_version": 1,
  "address": "aquariumlid.local",
  "web_port": 80,
  "esp_platform": "ESP32C3",
  "build_path": "/var/home/mawoka/projects/aquarium-lid/esphome/.esphome/build/aquariumlid",
  "firmware_bin_path": "/var/home/mawoka/projects/aquarium-lid/esphome/.esphome/build/aquariumlid/.pioenvs/aquariumlid/firmware.bin",
  "loaded_integrations": [
    "async_tcp",
    "binary_sensor",
    "captive_portal",
    "dallas_temp",
    "esp32",
    "esp32_rmt_led_strip",
    "esphome",
    "fan",
    "globals",
    "gpio",
    "json",
    "ledc",
    "light",
    "logger",
    "md5",
    "mdns",
    "network",
    "number",
    "one_wire",
    "ota",
    "output",
    "preferences",
    "rtttl",
    "safe_mode",
    "script",
    "select",
    "sensor",
    "socket",
    "speed",
    "switch",
    "template",
    "web_server",
    "web_server_base",
    "wifi"
  ],
  "no_mdns": false,
  "framework": "arduino",
  "core_platform": "esp32"
}
